INSERT INTO users (name,surname,password,username,description,secretquestion,secretanswer,registrationdate) VALUES('german','romarion','passpass1','gerchux','soy gerchux','quien soy?','gerchux reloaded','2013-07-17 00:00:00');
INSERT INTO users (name,surname,password,username,description,secretquestion,secretanswer,registrationdate) VALUES('florencia','besteiro','passpass2','florchax','soy florchax','quien soy?','florchax reloaded','2013-07-17 00:00:01');
INSERT INTO users (name,surname,password,username,description,secretquestion,secretanswer,registrationdate) VALUES('gabriel','zanzotti','passpass3','gabox','soy gabox','quien soy?','gabox reloaded','2013-07-17 00:00:02');

INSERT INTO comments (username,date,comment) VALUES('gerchux','2013-08-01 00:00:23','Este comment no tiene hashtags');
INSERT INTO comments (username,date,comment) VALUES('gerchux','2013-08-04 00:00:23','Este comment tiene 2 hashtags: #a y #b');
INSERT INTO comments (username,date,comment) VALUES('gerchux','2013-08-25 00:00:23','Este comment tiene 1 hashtag: #prueba');
INSERT INTO comments (username,date,comment) VALUES('florchax','2013-08-26 00:00:23','Este comment tiene 3 hashtags: #prueba, #c y #d');
INSERT INTO comments (username,date,comment) VALUES('florchax','2013-08-30 00:00:23','Este comment tiene 1 hashtag: #d');
INSERT INTO comments (username,date,comment) VALUES('florchax','2013-08-31 00:00:23','Este comment tiene 3 hashtags: #prueba,#e y #f');
INSERT INTO comments (username,date,comment) VALUES('gabox','2013-08-27 00:00:23','Este comment tiene 2 hashtags: #d y #f');
INSERT INTO comments (username,date,comment) VALUES('gabox','2013-09-17 00:00:23','Este comment tiene 3 hashtags: #prueba, #e y #g');
INSERT INTO comments (username,date,comment) VALUES('gerchux','2013-09-16 00:00:23','Este comment tiene 4 hashtags: #prueba,#d,#h e #i');
INSERT INTO comments (username,date,comment) VALUES('gerchux','2013-09-18 00:00:23','Este comment tiene 2 hashtags: #f y #g');
INSERT INTO comments (username,date,comment) VALUES('florchax','2013-09-18 00:10:23','Este comment tiene 3 hashtags: #prueba y #h');  
INSERT INTO comments (username,date,comment) VALUES('florchax','2013-09-05 00:00:23','Este comment tiene 5 hashtags: #f, #j , #k, #l y #m');
INSERT INTO comments (username,date,comment) VALUES('gabox','2013-09-19 00:00:23','Este comment tiene 4 hashtags: #f, #d, #m y #g');

INSERT INTO hashtags (hashtag,creator,date) VALUES('a','gerchux','2013-08-04 00:00:23');
INSERT INTO hashtags (hashtag,creator,date) VALUES('b','gerchux','2013-08-04 00:00:23');
INSERT INTO hashtags (hashtag,creator,date) VALUES('prueba','gerchux','2013-08-25 00:00:23');
INSERT INTO hashtags (hashtag,creator,date) VALUES('c','florchax','2013-08-26 00:00:23');
INSERT INTO hashtags (hashtag,creator,date) VALUES('d','florchax','2013-08-26 00:00:23');
INSERT INTO hashtags (hashtag,creator,date) VALUES('e','florchax','2013-08-31 00:00:23');
INSERT INTO hashtags (hashtag,creator,date) VALUES('f','florchax','2013-08-31 00:00:23');
INSERT INTO hashtags (hashtag,creator,date) VALUES('g','gabox','2013-09-17 00:00:23');
INSERT INTO hashtags (hashtag,creator,date) VALUES('h','gerchux','2013-09-16 00:00:23');
INSERT INTO hashtags (hashtag,creator,date) VALUES('i','gerchux','2013-09-16 00:00:23');
INSERT INTO hashtags (hashtag,creator,date) VALUES('j','florchax','2013-09-05 00:00:23');
INSERT INTO hashtags (hashtag,creator,date) VALUES('k','florchax','2013-09-05 00:00:23');
INSERT INTO hashtags (hashtag,creator,date) VALUES('l','florchax','2013-09-05 00:00:23');
INSERT INTO hashtags (hashtag,creator,date) VALUES('m','florchax','2013-09-05 00:00:23');

commit;

INSERT INTO hashtagsincomments (commentid,hashtag) VALUES(2,'a');
INSERT INTO hashtagsincomments (commentid,hashtag) VALUES(2,'b');
INSERT INTO hashtagsincomments (commentid,hashtag) VALUES(3,'prueba');
INSERT INTO hashtagsincomments (commentid,hashtag) VALUES(4,'prueba');
INSERT INTO hashtagsincomments (commentid,hashtag) VALUES(4,'c');
INSERT INTO hashtagsincomments (commentid,hashtag) VALUES(4,'d');
INSERT INTO hashtagsincomments (commentid,hashtag) VALUES(5,'d');
INSERT INTO hashtagsincomments (commentid,hashtag) VALUES(6,'prueba');
INSERT INTO hashtagsincomments (commentid,hashtag) VALUES(6,'e');
INSERT INTO hashtagsincomments (commentid,hashtag) VALUES(6,'f');
INSERT INTO hashtagsincomments (commentid,hashtag) VALUES(7,'d');
INSERT INTO hashtagsincomments (commentid,hashtag) VALUES(7,'f');
INSERT INTO hashtagsincomments (commentid,hashtag) VALUES(8,'prueba');
INSERT INTO hashtagsincomments (commentid,hashtag) VALUES(8,'e');
INSERT INTO hashtagsincomments (commentid,hashtag) VALUES(8,'g');
INSERT INTO hashtagsincomments (commentid,hashtag) VALUES(9,'prueba');
INSERT INTO hashtagsincomments (commentid,hashtag) VALUES(9,'d');
INSERT INTO hashtagsincomments (commentid,hashtag) VALUES(9,'h');
INSERT INTO hashtagsincomments (commentid,hashtag) VALUES(9,'i');
INSERT INTO hashtagsincomments (commentid,hashtag) VALUES(10,'f');
INSERT INTO hashtagsincomments (commentid,hashtag) VALUES(10,'g');
INSERT INTO hashtagsincomments (commentid,hashtag) VALUES(11,'prueba');
INSERT INTO hashtagsincomments (commentid,hashtag) VALUES(11,'h');
INSERT INTO hashtagsincomments (commentid,hashtag) VALUES(12,'f');
INSERT INTO hashtagsincomments (commentid,hashtag) VALUES(12,'j');
INSERT INTO hashtagsincomments (commentid,hashtag) VALUES(12,'k');
INSERT INTO hashtagsincomments (commentid,hashtag) VALUES(12,'l');
INSERT INTO hashtagsincomments (commentid,hashtag) VALUES(12,'m');
INSERT INTO hashtagsincomments (commentid,hashtag) VALUES(13,'f');
INSERT INTO hashtagsincomments (commentid,hashtag) VALUES(13,'d');
INSERT INTO hashtagsincomments (commentid,hashtag) VALUES(13,'m');
INSERT INTO hashtagsincomments (commentid,hashtag) VALUES(13,'g');